Exercise Name	Category	Equipment	Programs Used In	Video URL	YouTube ID	Embed URL	Thumbnail URL	Video Title	Channel	Backup Video URL	Notes
Barbell Back Squat	Lower Body – Squat	Barbell	8-Wk Intermediate Strength; 8-Wk Elite Strength; Elite Metabolic; United Frontier; Radiant Forge; Shred to Stage	https://www.youtube.com/shorts/rLaLocnFeRM	rLaLocnFeRM	https://www.youtube.com/embed/rLaLocnFeRM?rel=0&modestbranding=1&playsinline=1	https://img.youtube.com/vi/rLaLocnFeRM/hqdefault.jpg	BARBELL BACK SQUAT TUTORIAL🦵🏼// Use a barbell to build your quads and glutes with squats.	KevTheTrainer	https://www.youtube.com/shorts/W6o1A0bEnmU	
Goblet Squat	Lower Body – Squat	Dumbbell/Kettlebell	Full Body Foundations; Shred & Burn HIIT; 15-Min Express; Shred to Stage	https://www.youtube.com/shorts/pzdoXIU69uY	pzdoXIU69uY	https://www.youtube.com/embed/pzdoXIU69uY?rel=0&modestbranding=1&playsinline=1	https://img.youtube.com/vi/pzdoXIU69uY/hqdefault.jpg	Goblet Squat Dumbbell Kettlebell Tutorial Basic Technique	Homegrown Fit	https://www.youtube.com/watch?v=7CcTu1-aKzY	
Air Squat (Bodyweight Squat)	Lower Body – Squat	Bodyweight	28-Day Ignite; Bodyweight Basics; Shred & Burn HIIT; United Frontier	https://www.youtube.com/shorts/Bn0YABRZ-J0	Bn0YABRZ-J0	https://www.youtube.com/embed/Bn0YABRZ-J0?rel=0&modestbranding=1&playsinline=1	https://img.youtube.com/vi/Bn0YABRZ-J0/hqdefault.jpg	The air squat Points of Performance	CrossFit	https://www.youtube.com/shorts/71BKVqAkdbQ	
Box Squat	Lower Body – Squat	Bench/Chair	Full Body Foundations; 28-Day Ignite; Radiant Forge	https://www.youtube.com/shorts/R7ByhItxGn4	R7ByhItxGn4	https://www.youtube.com/embed/R7ByhItxGn4?rel=0&modestbranding=1&playsinline=1	https://img.youtube.com/vi/R7ByhItxGn4/hqdefault.jpg	You gotta try the BOX SQUAT for Big Glutes!	NUNZI	https://www.youtube.com/shorts/Expak1UCQlQ	
Front Squat	Lower Body – Squat	Barbell	Functional Strength & Mastery	https://www.youtube.com/watch?v=K4ZqhPxsGU8	K4ZqhPxsGU8	https://www.youtube.com/embed/K4ZqhPxsGU8?rel=0&modestbranding=1&playsinline=1	https://img.youtube.com/vi/K4ZqhPxsGU8/hqdefault.jpg	How to Perform the Front Squat - Quads Exercise Tutorial	Buff Dudes	https://www.youtube.com/watch?v=v-mQm_droHg	
Jump Squat	Lower Body – Plyometric	Bodyweight	Shred & Burn HIIT; 15-Min Express	https://www.youtube.com/shorts/YpTGpNOV55A	YpTGpNOV55A	https://www.youtube.com/embed/YpTGpNOV55A?rel=0&modestbranding=1&playsinline=1	https://img.youtube.com/vi/YpTGpNOV55A/hqdefault.jpg	Jump Squat Demo	REP	https://www.youtube.com/shorts/YpTGpNOV55A	
Goblet Cossack Squat	Lower Body – Squat	Dumbbell/Kettlebell	Functional Strength & Mastery	https://www.youtube.com/shorts/JwyKUT95O9U	JwyKUT95O9U	https://www.youtube.com/embed/JwyKUT95O9U?rel=0&modestbranding=1&playsinline=1	https://img.youtube.com/vi/JwyKUT95O9U/hqdefault.jpg	Goblet Cossack Squats | CODY WESCOTT GOLF FITNESS	Cody Wescott Golf	https://www.youtube.com/watch?v=p8s9180mKNA	
Sumo Dumbbell Squat	Lower Body – Squat	Dumbbell	Radiant Forge	https://www.youtube.com/shorts/s6Kyx5WIDF4	s6Kyx5WIDF4	https://www.youtube.com/embed/s6Kyx5WIDF4?rel=0&modestbranding=1&playsinline=1	https://img.youtube.com/vi/s6Kyx5WIDF4/hqdefault.jpg	Dumbbell Sumo Squat	Kraken Fitness	https://www.youtube.com/shorts/TBpbIwrcxe4	
Dumbbell Suitcase Squat	Lower Body – Squat	Dumbbell	Radiant Forge	https://www.youtube.com/shorts/X813z7vAZo0	X813z7vAZo0	https://www.youtube.com/embed/X813z7vAZo0?rel=0&modestbranding=1&playsinline=1	https://img.youtube.com/vi/X813z7vAZo0/hqdefault.jpg	Dual Dumbbell Suitcase Squat #howtoexercise #exercisedemo #squatvariations	FIT Sisters - Lucy & Rosie	https://www.youtube.com/shorts/SfljAHC7_DU	
Hack Squat	Lower Body – Squat	Machine	Shred to Stage	https://www.youtube.com/shorts/GUiVnFXmnu0	GUiVnFXmnu0	https://www.youtube.com/embed/GUiVnFXmnu0?rel=0&modestbranding=1&playsinline=1	https://img.youtube.com/vi/GUiVnFXmnu0/hqdefault.jpg	Hack Squat Safety- Beginner’s Guide to Safe Machine Use! #gyfitness #squatmachines	GYFITNESS TRAINING & WELLNESS CENTER	https://www.youtube.com/shorts/O5kiQh5_NCI	
Sissy Squat	Lower Body – Squat	Bodyweight	Shred to Stage	https://www.youtube.com/watch?v=gqmlfxgq4zY	gqmlfxgq4zY	https://www.youtube.com/embed/gqmlfxgq4zY?rel=0&modestbranding=1&playsinline=1	https://img.youtube.com/vi/gqmlfxgq4zY/hqdefault.jpg	How to do Sissy Squats (No Machine Required!) | Quad-Focused Leg Exercise	Pure Motion Fitness	https://www.youtube.com/shorts/lrPPo3PkUYI	
Wall Sit	Lower Body – Isometric	Bodyweight	Bodyweight Basics; Radiant Forge	https://www.youtube.com/shorts/gn1GW7dBoog	gn1GW7dBoog	https://www.youtube.com/embed/gn1GW7dBoog?rel=0&modestbranding=1&playsinline=1	https://img.youtube.com/vi/gn1GW7dBoog/hqdefault.jpg	How to do Wall Sits - Simple, Beginner-Friendly Exercise for Lower Body Strength!	VIGEO	https://www.youtube.com/shorts/fqoXxSh_rL8	
Supported Deep Squat Hold	Mobility	Bodyweight	Shred & Burn HIIT; Radiant Forge	https://www.youtube.com/shorts/sIx1BSAVoVw?feature=share	sIx1BSAVoVw	https://www.youtube.com/embed/sIx1BSAVoVw?rel=0&modestbranding=1&playsinline=1	https://img.youtube.com/vi/sIx1BSAVoVw/hqdefault.jpg	How to Squat DEEPER (Great Mobility Drill) #SHORTS	Squat University	https://www.youtube.com/shorts/LQMi1nASEQk	
Barbell Deadlift (Conventional)	Lower Body – Hinge	Barbell	8-Wk Elite Strength; Functional Strength & Mastery; United Frontier; Radiant Forge	https://www.youtube.com/shorts/g90BVxncoTw	g90BVxncoTw	https://www.youtube.com/embed/g90BVxncoTw?rel=0&modestbranding=1&playsinline=1	https://img.youtube.com/vi/g90BVxncoTw/hqdefault.jpg	The ULTIMATE Deadlift Tutorial #SHORTS	Squat University	https://www.youtube.com/shorts/c69sxaimCho	
Sumo Deadlift	Lower Body – Hinge	Barbell	Functional Strength & Mastery; Radiant Forge	https://www.youtube.com/shorts/Bqu9eU15pBU	Bqu9eU15pBU	https://www.youtube.com/embed/Bqu9eU15pBU?rel=0&modestbranding=1&playsinline=1	https://img.youtube.com/vi/Bqu9eU15pBU/hqdefault.jpg	TUTORIAL: The Sumo Deadlift	Andy Vincent	https://www.youtube.com/shorts/1LZZ9YQxwpg	
Trap Bar Deadlift (Elevated)	Lower Body – Hinge	Trap Bar	Radiant Forge	https://www.youtube.com/shorts/4-czypurzXM	4-czypurzXM	https://www.youtube.com/embed/4-czypurzXM?rel=0&modestbranding=1&playsinline=1	https://img.youtube.com/vi/4-czypurzXM/hqdefault.jpg	How to perform a trap bar deadlift	Human Kinetics	https://www.youtube.com/shorts/Hc7aMNw7Sz4	
Romanian Deadlift (Barbell)	Lower Body – Hinge	Barbell	Full Body Foundations; 8-Wk Elite Strength; Functional Strength & Mastery; Shred to Stage	https://www.youtube.com/shorts/OVd1pq1cAvE	OVd1pq1cAvE	https://www.youtube.com/embed/OVd1pq1cAvE?rel=0&modestbranding=1&playsinline=1	https://img.youtube.com/vi/OVd1pq1cAvE/hqdefault.jpg	BARBELL ROMANIAN DEADLIFT TUTORIAL 🦵🏼 // Strengthen your hamstrings and glutes with RDLs!	KevTheTrainer	https://www.youtube.com/shorts/Rglj7Iz5Mdc	
Dumbbell Romanian Deadlift	Lower Body – Hinge	Dumbbell	8-Wk Intermediate Strength; Elite Metabolic; 15-Min Express	https://www.youtube.com/shorts/wqMYwk_-P14	wqMYwk_-P14	https://www.youtube.com/embed/wqMYwk_-P14?rel=0&modestbranding=1&playsinline=1	https://img.youtube.com/vi/wqMYwk_-P14/hqdefault.jpg	How to do a Dumbbell Romanian Deadlift - AND HOW NOT TO	CHRISTINA DORNER	https://www.youtube.com/shorts/-J9gUiRdEcU	
Single-Leg Romanian Deadlift	Lower Body – Hinge	Dumbbell	Shred to Stage	https://www.youtube.com/watch?v=pJewPISyHjw	pJewPISyHjw	https://www.youtube.com/embed/pJewPISyHjw?rel=0&modestbranding=1&playsinline=1	https://img.youtube.com/vi/pJewPISyHjw/hqdefault.jpg	Dumbbell Single Leg Romanian Deadlift - OPEX Exercise Library	OPEX Fitness	https://www.youtube.com/shorts/BaC92Af8VCE	
Stiff-Legged Deadlift	Lower Body – Hinge	Barbell	Shred to Stage	https://www.youtube.com/shorts/t2sBDYEXMD8	t2sBDYEXMD8	https://www.youtube.com/embed/t2sBDYEXMD8?rel=0&modestbranding=1&playsinline=1	https://img.youtube.com/vi/t2sBDYEXMD8/hqdefault.jpg	Barbell Stiff Leg Deadlift | Dr. Dave Strength x Obey Strength	Dr. Dave Strength | Obey Strength	https://www.youtube.com/shorts/OhzLMt4lVj8	
Good Morning	Lower Body – Hinge	Barbell	8-Wk Elite Strength	https://www.youtube.com/shorts/iKficb_V7r8	iKficb_V7r8	https://www.youtube.com/embed/iKficb_V7r8?rel=0&modestbranding=1&playsinline=1	https://img.youtube.com/vi/iKficb_V7r8/hqdefault.jpg	Barbell Good Morning Tutorial!	Louie Mendoza	https://www.youtube.com/shorts/pFcPLgKlzio	
Barbell Hip Thrust	Lower Body – Glutes	Barbell	8-Wk Intermediate Strength (DB); Shred to Stage	https://www.youtube.com/shorts/W86oVlnLqY4	W86oVlnLqY4	https://www.youtube.com/embed/W86oVlnLqY4?rel=0&modestbranding=1&playsinline=1	https://img.youtube.com/vi/W86oVlnLqY4/hqdefault.jpg	How to Properly Perform Barbell Hip Thrusts With Good Form (Perfect Set Up And Exercise Tutorial)	Gerardi Performance	https://www.youtube.com/shorts/ov3-rfX1-Yk	
Glute Bridge	Lower Body – Glutes	Bodyweight	Full Body Foundations; Bodyweight Basics; 15-Min Express; Radiant Forge	https://www.youtube.com/shorts/MwpWdZTRuHI	MwpWdZTRuHI	https://www.youtube.com/embed/MwpWdZTRuHI?rel=0&modestbranding=1&playsinline=1	https://img.youtube.com/vi/MwpWdZTRuHI/hqdefault.jpg	Master the Glute Bridge 💪📈 #glutesworkout #calisthenics #streetworkout #ytshorts #tutorial	Calixpert	https://www.youtube.com/shorts/K8JKYq_9S6k	
Single-Leg Glute Bridge	Lower Body – Glutes	Bodyweight	Shred to Stage	https://www.youtube.com/shorts/jRwDset7Ivo	jRwDset7Ivo	https://www.youtube.com/embed/jRwDset7Ivo?rel=0&modestbranding=1&playsinline=1	https://img.youtube.com/vi/jRwDset7Ivo/hqdefault.jpg	Mini Band Single-Leg Glute Bridge #glutes #legday #exercisetips #exercisedemo #shorts	Krysten Janzen	https://www.youtube.com/shorts/Yj2YJsJ01Vc	
Glute Bridge March	Lower Body – Glutes	Bodyweight	Shred & Burn HIIT; Core & Flow	https://www.youtube.com/shorts/JKO-IrLfSys	JKO-IrLfSys	https://www.youtube.com/embed/JKO-IrLfSys?rel=0&modestbranding=1&playsinline=1	https://img.youtube.com/vi/JKO-IrLfSys/hqdefault.jpg	Glute Bridge March	ZOAR Fitness	https://www.youtube.com/shorts/MwpWdZTRuHI	
Cable Pull-Through	Lower Body – Glutes	Cable	Shred to Stage	https://www.youtube.com/shorts/wGFw_9gr7rY	wGFw_9gr7rY	https://www.youtube.com/embed/wGFw_9gr7rY?rel=0&modestbranding=1&playsinline=1	https://img.youtube.com/vi/wGFw_9gr7rY/hqdefault.jpg	😍Hello Glutes - beginner friendly Cable Pull Through tutorial! #glutesworkout #gymtips #glutes	Bellabooty	https://www.youtube.com/shorts/TJ4Enw82aZo	
Cable Glute Kickback	Lower Body – Glutes	Cable	Shred to Stage	https://www.youtube.com/shorts/AbkIOyN6dOE	AbkIOyN6dOE	https://www.youtube.com/embed/AbkIOyN6dOE?rel=0&modestbranding=1&playsinline=1	https://img.youtube.com/vi/AbkIOyN6dOE/hqdefault.jpg	Planet Fitness Glute Kickback Tutorial!	Laci Renee	https://www.youtube.com/shorts/P_4ijs5UdTY	
Back Hyperextension	Lower Body – Posterior	Bench	Shred to Stage	https://www.youtube.com/watch?v=hS8uaxb0yMQ	hS8uaxb0yMQ	https://www.youtube.com/embed/hS8uaxb0yMQ?rel=0&modestbranding=1&playsinline=1	https://img.youtube.com/vi/hS8uaxb0yMQ/hqdefault.jpg	How to Do Hyperextensions (Back Extensions) | Strengthen Your Lower Back & Glutes	Iron Paradise	https://www.youtube.com/shorts/nuKDHrBlpFs	
Walking Lunge	Lower Body – Lunge	Dumbbell/Bodyweight	8-Wk Intermediate Strength; 8-Wk Elite Strength; Elite Metabolic; Radiant Forge; Shred to Stage	https://www.youtube.com/shorts/ye0WVE_SlzE	ye0WVE_SlzE	https://www.youtube.com/embed/ye0WVE_SlzE?rel=0&modestbranding=1&playsinline=1	https://img.youtube.com/vi/ye0WVE_SlzE/hqdefault.jpg	Get Back In It with Dumbbell Walking Lunges #shorts	Mind Pump TV	https://www.youtube.com/shorts/qj39ZQTr3pE	
Reverse Lunge	Lower Body – Lunge	Bodyweight/Dumbbell	Full Body Foundations; 28-Day Ignite; Bodyweight Basics; 15-Min Express	https://www.youtube.com/shorts/LtJf_x8qvj0	LtJf_x8qvj0	https://www.youtube.com/embed/LtJf_x8qvj0?rel=0&modestbranding=1&playsinline=1	https://img.youtube.com/vi/LtJf_x8qvj0/hqdefault.jpg	Dumbbell Alternating Reverse Lunge Demo	Coach Tina Tang	https://www.youtube.com/shorts/XZ_GuM5y4N8	
Reverse Lunge to Knee Drive	Lower Body – Lunge	Bodyweight	Shred & Burn HIIT	https://www.youtube.com/watch?v=kF6rmfjK7lw	kF6rmfjK7lw	https://www.youtube.com/embed/kF6rmfjK7lw?rel=0&modestbranding=1&playsinline=1	https://img.youtube.com/vi/kF6rmfjK7lw/hqdefault.jpg	How To Do A Walking Lunge With Knee Drive To Reverse Lunge | Exercise Demonstration Video and Guide	Live Lean TV Daily Exercises	https://www.youtube.com/shorts/XgVtWlFRz50	
Lateral Lunge	Lower Body – Lunge	Bodyweight/Dumbbell	Full Body Foundations; 8-Wk Elite Strength; Shred & Burn HIIT; 15-Min Express	https://www.youtube.com/shorts/MiT4XDp168I	MiT4XDp168I	https://www.youtube.com/embed/MiT4XDp168I?rel=0&modestbranding=1&playsinline=1	https://img.youtube.com/vi/MiT4XDp168I/hqdefault.jpg	How To Do Lateral Lunges / Side Lunges #shorts	Heather Robertson	https://www.youtube.com/shorts/_5Vzz0drLWk	
Bulgarian Split Squat	Lower Body – Lunge	Dumbbell/Bench	8-Wk Intermediate Strength; Bodyweight Basics; Functional Strength & Mastery; Shred to Stage	https://www.youtube.com/shorts/wFdJYR_pndU	wFdJYR_pndU	https://www.youtube.com/embed/wFdJYR_pndU?rel=0&modestbranding=1&playsinline=1	https://img.youtube.com/vi/wFdJYR_pndU/hqdefault.jpg	Dumbbell Bulgarian Split Squat #howtoexercise #exercisedemo #bulgariansplitsquat	FIT Sisters - Lucy & Rosie	https://www.youtube.com/shorts/ggjWqAi0AAc	
Split Squat	Lower Body – Lunge	Bodyweight/Dumbbell	15-Min Express	https://www.youtube.com/shorts/PzOHoAIxbdo	PzOHoAIxbdo	https://www.youtube.com/embed/PzOHoAIxbdo?rel=0&modestbranding=1&playsinline=1	https://img.youtube.com/vi/PzOHoAIxbdo/hqdefault.jpg	Dumbbell front rack split squat #howto #splitsquats #dumbbells #fitness #shorts	FIT Sisters - Lucy & Rosie	https://www.youtube.com/shorts/qHMU_3Qq-Kc	
Dual Kettlebell Front Rack Lunge	Lower Body – Lunge	Kettlebell	Functional Strength & Mastery	https://www.youtube.com/shorts/i5z4HOwmlKc	i5z4HOwmlKc	https://www.youtube.com/embed/i5z4HOwmlKc?rel=0&modestbranding=1&playsinline=1	https://img.youtube.com/vi/i5z4HOwmlKc/hqdefault.jpg	Single Arm Kettlebell Front Rack Lunge Steps	Margaux Alvarez	https://www.youtube.com/watch?v=kQEnBJoxWtw	
Dumbbell Step-Up	Lower Body – Unilateral	Dumbbell/Box	Full Body Foundations; 8-Wk Intermediate Strength; 8-Wk Elite Strength; Radiant Forge	https://www.youtube.com/watch?v=zOtwjwmGo4o	zOtwjwmGo4o	https://www.youtube.com/embed/zOtwjwmGo4o?rel=0&modestbranding=1&playsinline=1	https://img.youtube.com/vi/zOtwjwmGo4o/hqdefault.jpg	Dumbbell Step Up To Balance	UNBROKEN FITNESS SOLUTIONS	https://www.youtube.com/shorts/DRUVPBMb2aA	
Low Box Step-Up	Lower Body – Unilateral	Box	Radiant Forge	https://www.youtube.com/shorts/E4XcWoCCW9c	E4XcWoCCW9c	https://www.youtube.com/embed/E4XcWoCCW9c?rel=0&modestbranding=1&playsinline=1	https://img.youtube.com/vi/E4XcWoCCW9c/hqdefault.jpg	Box step ups are one of THE MOST COMMON exercises that are performed incorrectly	Red5 Performance	https://www.youtube.com/watch?v=5qjqDHOUh-A	
Leg Press	Lower Body – Machine	Machine	8-Wk Elite Strength; Shred to Stage	https://www.youtube.com/shorts/jA9tsYbA7Ms	jA9tsYbA7Ms	https://www.youtube.com/embed/jA9tsYbA7Ms?rel=0&modestbranding=1&playsinline=1	https://img.youtube.com/vi/jA9tsYbA7Ms/hqdefault.jpg	THIS Is How To Leg Press Correctly	Sean Nalewanyj Shorts	https://www.youtube.com/shorts/AVnWnN7whzg	
Leg Extension	Lower Body – Machine	Machine	8-Wk Intermediate Strength; Shred to Stage	https://www.youtube.com/watch?v=xd9m2S_Rw4s	xd9m2S_Rw4s	https://www.youtube.com/embed/xd9m2S_Rw4s?rel=0&modestbranding=1&playsinline=1	https://img.youtube.com/vi/xd9m2S_Rw4s/hqdefault.jpg	Leg Extension Machine Tutorial	Morgan, M.S., CPT, WFS, FNS	https://www.youtube.com/shorts/0dJlSAgn4WQ	
Lying Hamstring Curl	Lower Body – Machine	Machine	8-Wk Intermediate Strength; 8-Wk Elite Strength; Shred to Stage	https://www.youtube.com/shorts/_tWxvO3TstY	_tWxvO3TstY	https://www.youtube.com/embed/_tWxvO3TstY?rel=0&modestbranding=1&playsinline=1	https://img.youtube.com/vi/_tWxvO3TstY/hqdefault.jpg	How to Use the Lying Leg Curl Machine (Hamstring Workout Tutorial)	BattleFit Gym	https://www.youtube.com/shorts/1lI4MhXLS0Q	
Seated Hamstring Curl	Lower Body – Machine	Machine	Shred to Stage	https://www.youtube.com/shorts/2Z9v3vpv1uU	2Z9v3vpv1uU	https://www.youtube.com/embed/2Z9v3vpv1uU?rel=0&modestbranding=1&playsinline=1	https://img.youtube.com/vi/2Z9v3vpv1uU/hqdefault.jpg	How to use the seated hamstring curl machine - Rapid Fitness Brandon Tutorial	Rapid Fitness	https://www.youtube.com/shorts/CrnlKRDPgY0	
Standing Calf Raise	Lower Body – Calves	Bodyweight/Machine	Full Body Foundations; 8-Wk Intermediate Strength; 8-Wk Elite Strength; Shred to Stage	https://www.youtube.com/shorts/JfkckK_3KbE	JfkckK_3KbE	https://www.youtube.com/embed/JfkckK_3KbE?rel=0&modestbranding=1&playsinline=1	https://img.youtube.com/vi/JfkckK_3KbE/hqdefault.jpg	Standing Calf Raise Machine - Proper Technique	Ryan Jewers	https://www.youtube.com/shorts/0oOlvqnoF3g	
Seated Calf Raise	Lower Body – Calves	Machine	8-Wk Intermediate Strength; Shred to Stage	https://www.youtube.com/watch?v=8e8Lk2cv9n0	8e8Lk2cv9n0	https://www.youtube.com/embed/8e8Lk2cv9n0?rel=0&modestbranding=1&playsinline=1	https://img.youtube.com/vi/8e8Lk2cv9n0/hqdefault.jpg	Seated Calf Raise Tip ✔️	Sean Nalewanyj Shorts	https://www.youtube.com/shorts/2IT--PGw3uY	
Hip Abduction Machine	Lower Body – Glutes	Machine	Shred to Stage	https://www.youtube.com/shorts/kbk2E1ziO8Q	kbk2E1ziO8Q	https://www.youtube.com/embed/kbk2E1ziO8Q?rel=0&modestbranding=1&playsinline=1	https://img.youtube.com/vi/kbk2E1ziO8Q/hqdefault.jpg	How to use the hip abductor machine	Somerset Fitness	https://www.youtube.com/shorts/Z6Aq5upUp4A	
Banded Monster Walk / Lateral Band Walk	Lower Body – Glutes	Resistance Band	Radiant Forge	https://www.youtube.com/shorts/p55m0Hw7UoA	p55m0Hw7UoA	https://www.youtube.com/embed/p55m0Hw7UoA?rel=0&modestbranding=1&playsinline=1	https://img.youtube.com/vi/p55m0Hw7UoA/hqdefault.jpg	Transform Your Leg Day with Banded Lateral Walks! #shorts	Criticalbench	https://www.youtube.com/shorts/nFQrdeGYbnM	
Barbell Bench Press	Upper Body – Push	Barbell	8-Wk Elite Strength; United Frontier	https://www.youtube.com/shorts/hlHJlkr7FXM	hlHJlkr7FXM	https://www.youtube.com/embed/hlHJlkr7FXM?rel=0&modestbranding=1&playsinline=1	https://img.youtube.com/vi/hlHJlkr7FXM/hqdefault.jpg	How to Barbell Bench Press: Proper Setup and Form Tips for a Stronger Chest	Pure Motion Fitness	https://www.youtube.com/shorts/rRHHDDQ-SxI	
Incline Barbell Bench Press	Upper Body – Push	Barbell	Shred to Stage	https://www.youtube.com/shorts/injgcGPR3sE	injgcGPR3sE	https://www.youtube.com/embed/injgcGPR3sE?rel=0&modestbranding=1&playsinline=1	https://img.youtube.com/vi/injgcGPR3sE/hqdefault.jpg	Incline Bench Press Done Right - Jeff Nippard #3 Best Workout	Train with Dave	https://www.youtube.com/shorts/E4rvMHTSScw	
Close-Grip Bench Press	Upper Body – Push	Barbell	Shred to Stage	https://www.youtube.com/shorts/Kpl5wB_LXe0	Kpl5wB_LXe0	https://www.youtube.com/embed/Kpl5wB_LXe0?rel=0&modestbranding=1&playsinline=1	https://img.youtube.com/vi/Kpl5wB_LXe0/hqdefault.jpg	How to perform a close-grip bench press	Human Kinetics	https://www.youtube.com/shorts/3D5kbX07lsw	
Dumbbell Bench Press (Flat)	Upper Body – Push	Dumbbell	8-Wk Intermediate Strength; Shred to Stage	https://www.youtube.com/shorts/1V3vpcaxRYQ?feature=shared	1V3vpcaxRYQ	https://www.youtube.com/embed/1V3vpcaxRYQ?rel=0&modestbranding=1&playsinline=1	https://img.youtube.com/vi/1V3vpcaxRYQ/hqdefault.jpg	Best Dumbbell Bench Press Tutorial Ever Made	Davis Diley	https://www.youtube.com/watch?v=YQ2s_Y7g5Qk	
Incline Dumbbell Bench Press	Upper Body – Push	Dumbbell	8-Wk Intermediate Strength; 8-Wk Elite Strength; Elite Metabolic; Functional Strength & Mastery; Radiant Forge; Shred to Stage	https://www.youtube.com/watch?v=LYZDsNv8kJ8	LYZDsNv8kJ8	https://www.youtube.com/embed/LYZDsNv8kJ8?rel=0&modestbranding=1&playsinline=1	https://img.youtube.com/vi/LYZDsNv8kJ8/hqdefault.jpg	Incline Dumbbell Bench Press	Renaissance Periodization	https://www.youtube.com/shorts/FKttzBt-iAA	
Machine Chest Press	Upper Body – Push	Machine	Shred to Stage	https://www.youtube.com/shorts/MbpMFSjfxGw	MbpMFSjfxGw	https://www.youtube.com/embed/MbpMFSjfxGw?rel=0&modestbranding=1&playsinline=1	https://img.youtube.com/vi/MbpMFSjfxGw/hqdefault.jpg	💪 Master the Chest Press Machine! Proper Form & Tips🔥 | Chest Workout Guide. #shorts #shortsfeed #yt	Pradeep Goud	https://www.youtube.com/shorts/DAG2NM5MlVI	
Push-Up	Upper Body – Push	Bodyweight	8-Wk Elite Strength; Elite Metabolic; Bodyweight Basics; 15-Min Express; Shred to Stage	https://www.youtube.com/shorts/wD1M-f69Yy8	wD1M-f69Yy8	https://www.youtube.com/embed/wD1M-f69Yy8?rel=0&modestbranding=1&playsinline=1	https://img.youtube.com/vi/wD1M-f69Yy8/hqdefault.jpg	The Perfect Push-Up Technique	FitnessFAQs	https://www.youtube.com/shorts/leiX5HtY5xg	
Incline (Elevated) Push-Up	Upper Body – Push	Bench/Box	Full Body Foundations; 28-Day Ignite; Shred & Burn HIIT; Radiant Forge	https://www.youtube.com/shorts/b7ZmPTF5NOU	b7ZmPTF5NOU	https://www.youtube.com/embed/b7ZmPTF5NOU?rel=0&modestbranding=1&playsinline=1	https://img.youtube.com/vi/b7ZmPTF5NOU/hqdefault.jpg	How to do Hip Height Incline Push-Ups 📈💪 #calisthenics #pushups #youtubeshorts #tutorial #shorts	Calixpert	https://www.youtube.com/watch?v=yOPxOr5qgls	
Knee Push-Up	Upper Body – Push	Bodyweight	28-Day Ignite	https://www.youtube.com/watch?v=lFR1GWy1Dcs	lFR1GWy1Dcs	https://www.youtube.com/embed/lFR1GWy1Dcs?rel=0&modestbranding=1&playsinline=1	https://img.youtube.com/vi/lFR1GWy1Dcs/hqdefault.jpg	The Knee Push Up | How To Perform Without Shoulder Pain	Dr. Carl Baird	https://www.youtube.com/watch?v=FZZA4XscUW8	
Wall Push-Up	Upper Body – Push	Bodyweight	Radiant Forge	https://www.youtube.com/watch?v=idWhsY_PwW0	idWhsY_PwW0	https://www.youtube.com/embed/idWhsY_PwW0?rel=0&modestbranding=1&playsinline=1	https://img.youtube.com/vi/idWhsY_PwW0/hqdefault.jpg	Wall Pushups To Become Strong Everyday	Trishala Bothra	https://www.youtube.com/shorts/rTe7njYICHg	
Tempo Push-Up	Upper Body – Push	Bodyweight	Bodyweight Basics	https://www.youtube.com/shorts/3Dx3LCWbBbI	3Dx3LCWbBbI	https://www.youtube.com/embed/3Dx3LCWbBbI?rel=0&modestbranding=1&playsinline=1	https://img.youtube.com/vi/3Dx3LCWbBbI/hqdefault.jpg	Pushup Tempo Explained | Build Strength, Power & Endurance	Cali Hoss | Calisthenics	https://www.youtube.com/shorts/KDnrWGHTbl4	
T Push-Up (Rotation)	Upper Body – Push	Bodyweight	Shred & Burn HIIT	https://www.youtube.com/shorts/ZzPP2GUiYeA	ZzPP2GUiYeA	https://www.youtube.com/embed/ZzPP2GUiYeA?rel=0&modestbranding=1&playsinline=1	https://img.youtube.com/vi/ZzPP2GUiYeA/hqdefault.jpg	➡️How To Push?	Ed Shreds	https://www.youtube.com/shorts/mBpxEqTVKRM	
Hand-Release Push-Up	Upper Body – Push	Bodyweight	Elite Metabolic; United Frontier	https://www.youtube.com/watch?v=nlVwqLRn204	nlVwqLRn204	https://www.youtube.com/embed/nlVwqLRn204?rel=0&modestbranding=1&playsinline=1	https://img.youtube.com/vi/nlVwqLRn204/hqdefault.jpg	Hand Release Push-ups	Margaux Alvarez	https://www.youtube.com/shorts/xagZ7ZXLOko	
Pike Push-Up	Upper Body – Push	Bodyweight	Bodyweight Basics; United Frontier	https://www.youtube.com/watch?v=g2djy7BM2Ww	g2djy7BM2Ww	https://www.youtube.com/embed/g2djy7BM2Ww?rel=0&modestbranding=1&playsinline=1	https://img.youtube.com/vi/g2djy7BM2Ww/hqdefault.jpg	Pike Push-Ups | Street Workout #shorts	Street Workout Foundation	https://www.youtube.com/shorts/4IbP5xabnz4	
Scapular Push-Up	Mobility	Bodyweight	Core & Flow	https://www.youtube.com/shorts/9EtZU73fZ_8?feature=share	9EtZU73fZ_8	https://www.youtube.com/embed/9EtZU73fZ_8?rel=0&modestbranding=1&playsinline=1	https://img.youtube.com/vi/9EtZU73fZ_8/hqdefault.jpg	Scap Push Up Form - DONT BEND YOUR ELBOWS -MoveU	MoveU	https://www.youtube.com/shorts/Ng-iiDUd_fs?feature=share	
Plank to Push-Up	Upper Body – Push	Bodyweight	15-Min Express	https://www.youtube.com/shorts/_gzN0CEdkTE	_gzN0CEdkTE	https://www.youtube.com/embed/_gzN0CEdkTE?rel=0&modestbranding=1&playsinline=1	https://img.youtube.com/vi/_gzN0CEdkTE/hqdefault.jpg	Push Up Plank Jack #howtoexercise #exercisedemo #bodyweightexercise	FIT Sisters - Lucy & Rosie	https://www.youtube.com/shorts/3-XEiCmGyUk	
Cable Chest Fly	Upper Body – Push	Cable	8-Wk Elite Strength	https://www.youtube.com/shorts/14VcTQz6h-8	14VcTQz6h-8	https://www.youtube.com/embed/14VcTQz6h-8?rel=0&modestbranding=1&playsinline=1	https://img.youtube.com/vi/14VcTQz6h-8/hqdefault.jpg	The PERFECT Cable Chest Fly	Andrew Kwong (DeltaBolic)	https://www.youtube.com/shorts/kuyNbXB4p-c	
Low-to-High Cable Fly	Upper Body – Push	Cable	Shred to Stage	https://www.youtube.com/shorts/fve5DBZpFu0	fve5DBZpFu0	https://www.youtube.com/embed/fve5DBZpFu0?rel=0&modestbranding=1&playsinline=1	https://img.youtube.com/vi/fve5DBZpFu0/hqdefault.jpg	High to Low Cable Fly | Spitz Fitness Exercise Tutorial	Spitz Fitness	https://www.youtube.com/shorts/62AIwPBj8v4	
Cable Crossover	Upper Body – Push	Cable	Shred to Stage	https://www.youtube.com/watch?v=qTwmtx61ilM	qTwmtx61ilM	https://www.youtube.com/embed/qTwmtx61ilM?rel=0&modestbranding=1&playsinline=1	https://img.youtube.com/vi/qTwmtx61ilM/hqdefault.jpg	How to Do the Cable Crossover | Sculpt a Bigger, More Defined Chest	Iron Paradise	https://www.youtube.com/shorts/302cRoOfzO0	
Pec Deck Fly	Upper Body – Push	Machine	Shred to Stage	https://www.youtube.com/shorts/mnYXhQadfRY	mnYXhQadfRY	https://www.youtube.com/embed/mnYXhQadfRY?rel=0&modestbranding=1&playsinline=1	https://img.youtube.com/vi/mnYXhQadfRY/hqdefault.jpg	How to Properly Setup the Machine Pec Deck Fly	TylerPath	https://www.youtube.com/shorts/RdSuaakF7gM	
Incline Dumbbell Fly	Upper Body – Push	Dumbbell	Shred to Stage	https://www.youtube.com/shorts/73aw8opMsFw	73aw8opMsFw	https://www.youtube.com/embed/73aw8opMsFw?rel=0&modestbranding=1&playsinline=1	https://img.youtube.com/vi/73aw8opMsFw/hqdefault.jpg	Incline Dumbbell Fly Correct Form | Best Chest Exercise Tutorial  #shorts	Fit_hub03	https://www.youtube.com/shorts/L1MsRiO674w	
Barbell Overhead Press	Upper Body – Push	Barbell	8-Wk Elite Strength; Elite Metabolic; Functional Strength & Mastery; Shred to Stage	https://www.youtube.com/shorts/afR3tPH6y_g	afR3tPH6y_g	https://www.youtube.com/embed/afR3tPH6y_g?rel=0&modestbranding=1&playsinline=1	https://img.youtube.com/vi/afR3tPH6y_g/hqdefault.jpg	Barbell Overhead Press (How To | Form Tutorial)	Average To Jacked	https://www.youtube.com/shorts/n9FdiRMlbks	
Standing Dumbbell Overhead Press	Upper Body – Push	Dumbbell	Full Body Foundations; 8-Wk Intermediate Strength; Shred & Burn HIIT; 15-Min Express	https://www.youtube.com/shorts/E7y-MpvxYM8	E7y-MpvxYM8	https://www.youtube.com/embed/E7y-MpvxYM8?rel=0&modestbranding=1&playsinline=1	https://img.youtube.com/vi/E7y-MpvxYM8/hqdefault.jpg	Dumbbell overhead press tutorial	Lora Cross	https://www.youtube.com/watch?v=nSzLu6oNcCE	
Seated Dumbbell Shoulder Press	Upper Body – Push	Dumbbell	Radiant Forge; Shred to Stage	https://www.youtube.com/shorts/d5hHciymBOs	d5hHciymBOs	https://www.youtube.com/embed/d5hHciymBOs?rel=0&modestbranding=1&playsinline=1	https://img.youtube.com/vi/d5hHciymBOs/hqdefault.jpg	How to do seated dumbbell shoulder press | From Tutorial	1moRep	https://www.youtube.com/shorts/Bk4sn3CoriA	
Arnold Press	Upper Body – Push	Dumbbell	Radiant Forge; Shred to Stage	https://www.youtube.com/watch?v=rEgW9ThaKkg	rEgW9ThaKkg	https://www.youtube.com/embed/rEgW9ThaKkg?rel=0&modestbranding=1&playsinline=1	https://img.youtube.com/vi/rEgW9ThaKkg/hqdefault.jpg	Arnold Press Dumbbell Tutorial #armworkout #shoulderworkout #shoulders #exercisetutorial	Lora Cross	https://www.youtube.com/shorts/rymXJ6ecAJE	
Handstand Hold / Wall Walk	Gymnastics	Bodyweight	Functional Strength & Mastery; United Frontier	https://www.youtube.com/shorts/kAZkLII49fk	kAZkLII49fk	https://www.youtube.com/embed/kAZkLII49fk?rel=0&modestbranding=1&playsinline=1	https://img.youtube.com/vi/kAZkLII49fk/hqdefault.jpg	Wall Walk // Handstand Walk & Hold Drill Progression	ZOAR Fitness	https://www.youtube.com/shorts/DAjKvzuKm8U	
Handstand Push-Up	Gymnastics	Bodyweight	United Frontier	https://www.youtube.com/watch?v=DlIdbMA5Tno	DlIdbMA5Tno	https://www.youtube.com/embed/DlIdbMA5Tno?rel=0&modestbranding=1&playsinline=1	https://img.youtube.com/vi/DlIdbMA5Tno/hqdefault.jpg	Handstand push-up tutorial #calisthenics #motivation #gymmotivation #gym #shorts	calibenics	https://www.youtube.com/watch?v=h0HjqYRlXYg	
Dumbbell Lateral Raise	Upper Body – Shoulders	Dumbbell	8-Wk Intermediate Strength; 8-Wk Elite Strength; 15-Min Express; Shred to Stage	https://www.youtube.com/shorts/JIhbYYA1Q90?feature=share4	JIhbYYA1Q90	https://www.youtube.com/embed/JIhbYYA1Q90?rel=0&modestbranding=1&playsinline=1	https://img.youtube.com/vi/JIhbYYA1Q90/hqdefault.jpg	The Best Dumbbell Lateral Raise Tutorial	Davis Diley	https://www.youtube.com/shorts/bM2XxEPuiW8	
Cable Lateral Raise	Upper Body – Shoulders	Cable	Shred to Stage	https://www.youtube.com/shorts/oBnlhLf6sxM	oBnlhLf6sxM	https://www.youtube.com/embed/oBnlhLf6sxM?rel=0&modestbranding=1&playsinline=1	https://img.youtube.com/vi/oBnlhLf6sxM/hqdefault.jpg	CABLE LATERAL RAISE TUTORIAL 💪🏼 //  Even a lighter weight can feel heavy doing these!	KevTheTrainer	https://www.youtube.com/shorts/Yfr2GUUfkWA	
Dumbbell Front Raise	Upper Body – Shoulders	Dumbbell	Shred to Stage	https://www.youtube.com/shorts/VuLK08L_s_Y	VuLK08L_s_Y	https://www.youtube.com/embed/VuLK08L_s_Y?rel=0&modestbranding=1&playsinline=1	https://img.youtube.com/vi/VuLK08L_s_Y/hqdefault.jpg	Dumbbell Front Raise – How to Perform It Correctly | Trevor Kashey Nutrition	Trevor Kashey Nutrition	https://www.youtube.com/shorts/0sw6unbHPq0	
Upright Row	Upper Body – Shoulders	Barbell/Cable	Shred to Stage	https://www.youtube.com/shorts/nEeA3hUj9I0	nEeA3hUj9I0	https://www.youtube.com/embed/nEeA3hUj9I0?rel=0&modestbranding=1&playsinline=1	https://img.youtube.com/vi/nEeA3hUj9I0/hqdefault.jpg	How to do upright rows #shoulderworkout #shorts	Brofixesform	https://www.youtube.com/watch?v=nvdpZ1JEyvs	
Rear Delt Fly (Bent-Over)	Upper Body – Shoulders	Dumbbell	Shred to Stage	https://www.youtube.com/shorts/vGIY3D9digk	vGIY3D9digk	https://www.youtube.com/embed/vGIY3D9digk?rel=0&modestbranding=1&playsinline=1	https://img.youtube.com/vi/vGIY3D9digk/hqdefault.jpg	How to Do a Rear Delt Fly With Megan Davies | Sure Thing	BODi	https://www.youtube.com/shorts/qOzzPkysBos	
Reverse Pec Deck	Upper Body – Shoulders	Machine	Shred to Stage	https://www.youtube.com/shorts/kSP7aFT_fjQ	kSP7aFT_fjQ	https://www.youtube.com/embed/kSP7aFT_fjQ?rel=0&modestbranding=1&playsinline=1	https://img.youtube.com/vi/kSP7aFT_fjQ/hqdefault.jpg	The Correct Reverse Pec Deck Form @JeffNippard	Jesse James East	https://www.youtube.com/shorts/mK4BzRsY8Ws	
Dumbbell Shrug	Upper Body – Traps	Dumbbell	Shred to Stage	https://www.youtube.com/shorts/qE9PbsENZfg	qE9PbsENZfg	https://www.youtube.com/embed/qE9PbsENZfg?rel=0&modestbranding=1&playsinline=1	https://img.youtube.com/vi/qE9PbsENZfg/hqdefault.jpg	Do THIS For BIGGER Traps 🔥 Standing Dumbbell Shrugs Correct Form ✅	THE HUNGRY ELITE	https://www.youtube.com/shorts/9jxce8alatg	
Barbell Shrug	Upper Body – Traps	Barbell	Shred to Stage	https://www.youtube.com/shorts/IcYuE_yelEQ	IcYuE_yelEQ	https://www.youtube.com/embed/IcYuE_yelEQ?rel=0&modestbranding=1&playsinline=1	https://img.youtube.com/vi/IcYuE_yelEQ/hqdefault.jpg	Barbell Shrugs | Dr. Dave Strength x Obey Strength	Dr. Dave Strength | Obey Strength	https://www.youtube.com/shorts/QGpfqfrpOnM	
Pull-Up	Upper Body – Pull	Pull-Up Bar	8-Wk Elite Strength; Elite Metabolic; Functional Strength & Mastery; United Frontier; Shred to Stage	https://www.youtube.com/shorts/7_wXEwRjcHQ	7_wXEwRjcHQ	https://www.youtube.com/embed/7_wXEwRjcHQ?rel=0&modestbranding=1&playsinline=1	https://img.youtube.com/vi/7_wXEwRjcHQ/hqdefault.jpg	Working on pull ups? THIS IS FOR YOU👇🏼 #shorts #pullups #pullupworkout	nourishmovelove	https://www.youtube.com/shorts/9hB1TQvb418	
Weighted Pull-Up	Upper Body – Pull	Pull-Up Bar	Functional Strength & Mastery; Shred to Stage	https://www.youtube.com/shorts/pkUiiC_AGFc	pkUiiC_AGFc	https://www.youtube.com/embed/pkUiiC_AGFc?rel=0&modestbranding=1&playsinline=1	https://img.youtube.com/vi/pkUiiC_AGFc/hqdefault.jpg	The New way to do Weighted pull-ups	Malk	https://www.youtube.com/shorts/9R9ExQZ5kEM	
Assisted / Band Pull-Up	Upper Body – Pull	Band	Radiant Forge	https://www.youtube.com/shorts/XxV8q2Qxhrc	XxV8q2Qxhrc	https://www.youtube.com/embed/XxV8q2Qxhrc?rel=0&modestbranding=1&playsinline=1	https://img.youtube.com/vi/XxV8q2Qxhrc/hqdefault.jpg	Band-Assisted Pull-Up	Girls Gone Strong | Women's Health & Fitness	https://www.youtube.com/shorts/vR154goxz0o	
Chin-Up (Tempo)	Upper Body – Pull	Pull-Up Bar	Functional Strength & Mastery	https://www.youtube.com/shorts/XDX6kCafX8Q	XDX6kCafX8Q	https://www.youtube.com/embed/XDX6kCafX8Q?rel=0&modestbranding=1&playsinline=1	https://img.youtube.com/vi/XDX6kCafX8Q/hqdefault.jpg	How to do Chin Ups 💪🔥 #chinups #chinup #calisthenics #ytshorts #tutorial	Calixpert	https://www.youtube.com/shorts/eWbQ9yYxsW4	
Lat Pulldown	Upper Body – Pull	Cable/Machine	8-Wk Intermediate Strength; 8-Wk Elite Strength; Radiant Forge; Shred to Stage	https://www.youtube.com/shorts/2DgI6YwK_Xg	2DgI6YwK_Xg	https://www.youtube.com/embed/2DgI6YwK_Xg?rel=0&modestbranding=1&playsinline=1	https://img.youtube.com/vi/2DgI6YwK_Xg/hqdefault.jpg	Jeff Nippard Explains How To Do Lat Pulldowns	Jesse James East	https://www.youtube.com/shorts/OOd7yARRzEI	
Close-Grip Lat Pulldown	Upper Body – Pull	Cable/Machine	Shred to Stage	https://www.youtube.com/shorts/hLn1kJfB2EQ	hLn1kJfB2EQ	https://www.youtube.com/embed/hLn1kJfB2EQ?rel=0&modestbranding=1&playsinline=1	https://img.youtube.com/vi/hLn1kJfB2EQ/hqdefault.jpg	Close-Grip Lat Pulldown | Exercise Tutorial with Paul Revelia	Ben Berluti	https://www.youtube.com/shorts/GSgy468OxAs	
Straight-Arm Cable Pulldown	Upper Body – Pull	Cable	Shred to Stage	https://www.youtube.com/watch?v=a2vmSFvvGJc	a2vmSFvvGJc	https://www.youtube.com/embed/a2vmSFvvGJc?rel=0&modestbranding=1&playsinline=1	https://img.youtube.com/vi/a2vmSFvvGJc/hqdefault.jpg	Straight Arm Cable Pulldown	Dan Daly, CSCS	https://www.youtube.com/shorts/AHiiOVKRq04	
Seated Cable Row	Upper Body – Pull	Cable	8-Wk Elite Strength; Radiant Forge; Shred to Stage	https://www.youtube.com/shorts/BbYc8JbD8dI	BbYc8JbD8dI	https://www.youtube.com/embed/BbYc8JbD8dI?rel=0&modestbranding=1&playsinline=1	https://img.youtube.com/vi/BbYc8JbD8dI/hqdefault.jpg	How to do Seated Cable Rows (And Actually Train Your Lats)	TylerPath	https://www.youtube.com/shorts/Ab6x-Awqc-Y	
High-to-Low Cable Row	Upper Body – Pull	Cable	Radiant Forge	https://www.youtube.com/shorts/Om0MFMKY_cU	Om0MFMKY_cU	https://www.youtube.com/embed/Om0MFMKY_cU?rel=0&modestbranding=1&playsinline=1	https://img.youtube.com/vi/Om0MFMKY_cU/hqdefault.jpg	High to low cable row	Ladies Who Lift	https://www.youtube.com/shorts/P1B_0QYrw_E	
Single-Arm Dumbbell Row	Upper Body – Pull	Dumbbell	Full Body Foundations; Elite Metabolic; Functional Strength & Mastery; 15-Min Express; Radiant Forge; Shred to Stage	https://www.youtube.com/watch?v=xl1YiqQY2vA	xl1YiqQY2vA	https://www.youtube.com/embed/xl1YiqQY2vA?rel=0&modestbranding=1&playsinline=1	https://img.youtube.com/vi/xl1YiqQY2vA/hqdefault.jpg	Single Arm Dumbbell Row	Marcus Filly	https://www.youtube.com/shorts/V_GiSUO02R4	
Chest-Supported Dumbbell Row	Upper Body – Pull	Dumbbell/Bench	8-Wk Intermediate Strength; Shred to Stage	https://www.youtube.com/shorts/cfmmzdaCEJw	cfmmzdaCEJw	https://www.youtube.com/embed/cfmmzdaCEJw?rel=0&modestbranding=1&playsinline=1	https://img.youtube.com/vi/cfmmzdaCEJw/hqdefault.jpg	How to Do Chest-Supported Dumbbell Rows | Perfect Form for Maximum Back Gains	Alex Beevis	https://www.youtube.com/shorts/vjmVM181ATg	
Bent-Over Barbell Row	Upper Body – Pull	Barbell	8-Wk Elite Strength; Shred to Stage	https://www.youtube.com/shorts/LX9830Bttio	LX9830Bttio	https://www.youtube.com/embed/LX9830Bttio?rel=0&modestbranding=1&playsinline=1	https://img.youtube.com/vi/LX9830Bttio/hqdefault.jpg	Bent-Over Barbell Row (Pronated Grip) #yourubeshorts #bentoverrows #backworkout #tutorial	fitness_him	https://www.youtube.com/watch?v=0LNnX7YT6Fg	
Bent-Over Dumbbell Row	Upper Body – Pull	Dumbbell	8-Wk Intermediate Strength	https://www.youtube.com/shorts/vN8xskk-7G8	vN8xskk-7G8	https://www.youtube.com/embed/vN8xskk-7G8?rel=0&modestbranding=1&playsinline=1	https://img.youtube.com/vi/vN8xskk-7G8/hqdefault.jpg	How To Do Bent Over Rows (With Dumbbells) #shorts	Heather Robertson	https://www.youtube.com/shorts/Yw-Lw5sr260	
T-Bar Row	Upper Body – Pull	Barbell/Machine	Shred to Stage	https://www.youtube.com/shorts/HaGYckDElAU	HaGYckDElAU	https://www.youtube.com/embed/HaGYckDElAU?rel=0&modestbranding=1&playsinline=1	https://img.youtube.com/vi/HaGYckDElAU/hqdefault.jpg	How to Use the T-Bar Row Machine | Back Workout Tutorial #TBarRow  #BackWorkout  #StrengthTraining	Bomiso Gym	https://www.youtube.com/watch?v=ewT5q8z_VnU	
Renegade Row	Upper Body – Pull	Dumbbell	Shred & Burn HIIT; Elite Metabolic; 15-Min Express; Radiant Forge	https://www.youtube.com/watch?v=Q28cLuweLv4	Q28cLuweLv4	https://www.youtube.com/embed/Q28cLuweLv4?rel=0&modestbranding=1&playsinline=1	https://img.youtube.com/vi/Q28cLuweLv4/hqdefault.jpg	How To Do A Renegade Row	PureGym	https://www.youtube.com/shorts/jRoZKzy6yZY	
Inverted Row / Ring Row	Upper Body – Pull	Bar/Rings	United Frontier	https://www.youtube.com/shorts/Gc439-4B1p0	Gc439-4B1p0	https://www.youtube.com/embed/Gc439-4B1p0?rel=0&modestbranding=1&playsinline=1	https://img.youtube.com/vi/Gc439-4B1p0/hqdefault.jpg	Inverted Ring Rows	TheMafitness	https://www.youtube.com/shorts/NQOpJYQ9Tds	
Cable Face Pull	Upper Body – Pull	Cable	8-Wk Intermediate Strength; 8-Wk Elite Strength; Functional Strength & Mastery; Radiant Forge; Shred to Stage	https://www.youtube.com/shorts/NlWi0DyZyDo	NlWi0DyZyDo	https://www.youtube.com/embed/NlWi0DyZyDo?rel=0&modestbranding=1&playsinline=1	https://img.youtube.com/vi/NlWi0DyZyDo/hqdefault.jpg	Cable Rope Attachment | Face Pulls Tutorial	All Strong Fitness	https://www.youtube.com/shorts/yj1w-EPj9tI	
Dumbbell Pullover	Upper Body – Pull	Dumbbell	Shred to Stage	https://www.youtube.com/shorts/kLsTMvW62BU	kLsTMvW62BU	https://www.youtube.com/embed/kLsTMvW62BU?rel=0&modestbranding=1&playsinline=1	https://img.youtube.com/vi/kLsTMvW62BU/hqdefault.jpg	Dumbbell Pullover The ULTIMATE Old School Chest & Back Builder	Boostcamp App	https://www.youtube.com/shorts/6tt3FSn2XMg	
Banded Seated Row	Upper Body – Pull	Resistance Band	15-Min Express	https://www.youtube.com/shorts/Hsxv_JPf9LQ	Hsxv_JPf9LQ	https://www.youtube.com/embed/Hsxv_JPf9LQ?rel=0&modestbranding=1&playsinline=1	https://img.youtube.com/vi/Hsxv_JPf9LQ/hqdefault.jpg	Seated Resistance Band Row	NeuStrength | Personal Trainer Wilmington NC	https://www.youtube.com/shorts/aEZnwcE7taE?feature=share	
Dumbbell Bicep Curl	Arms	Dumbbell	Full Body Foundations; 15-Min Express; Shred to Stage	https://www.youtube.com/shorts/60VJ4_P3PpY	60VJ4_P3PpY	https://www.youtube.com/embed/60VJ4_P3PpY?rel=0&modestbranding=1&playsinline=1	https://img.youtube.com/vi/60VJ4_P3PpY/hqdefault.jpg	How to: Dumbbell Bicep Curl | Biceps | Arms | Dumbbell | Pull | Upper	Leo Alves	https://www.youtube.com/shorts/n248EJqkdxU	
Hammer Curl	Arms	Dumbbell	8-Wk Intermediate Strength; Radiant Forge; Shred to Stage	https://www.youtube.com/shorts/VKKB1PktEw0	VKKB1PktEw0	https://www.youtube.com/embed/VKKB1PktEw0?rel=0&modestbranding=1&playsinline=1	https://img.youtube.com/vi/VKKB1PktEw0/hqdefault.jpg	Dumbbell Hammer Curl Demo	Pure Motion Fitness	https://www.youtube.com/shorts/TZUv6qhubas	
EZ-Bar Curl	Arms	EZ-Curl Bar	Shred to Stage	https://www.youtube.com/shorts/x1-jqHpEh6g	x1-jqHpEh6g	https://www.youtube.com/embed/x1-jqHpEh6g?rel=0&modestbranding=1&playsinline=1	https://img.youtube.com/vi/x1-jqHpEh6g/hqdefault.jpg	HOW TO DO - Ez Bar 21's Bicep Curls	Fitgurlmel	https://www.youtube.com/shorts/d2r5TCqnR4Y	
EZ-Bar Preacher Curl	Arms	EZ-Curl Bar	Shred to Stage	https://www.youtube.com/shorts/Oj_QnJ4pDq0	Oj_QnJ4pDq0	https://www.youtube.com/embed/Oj_QnJ4pDq0?rel=0&modestbranding=1&playsinline=1	https://img.youtube.com/vi/Oj_QnJ4pDq0/hqdefault.jpg	EZ BAR PREACHER CURLS FOR BIG BICEPS | PRIMEVAL LABS #shorts #bodybuilding #biceps	Primeval Labs	https://www.youtube.com/watch?v=Gydpcouclx8	
Incline Dumbbell Curl	Arms	Dumbbell	Shred to Stage	https://www.youtube.com/watch?v=2jsTYbOkx1U	2jsTYbOkx1U	https://www.youtube.com/embed/2jsTYbOkx1U?rel=0&modestbranding=1&playsinline=1	https://img.youtube.com/vi/2jsTYbOkx1U/hqdefault.jpg	Incline Dumbbell Curl	Renaissance Periodization	https://www.youtube.com/shorts/rAx_tf13V5k	
Concentration Curl	Arms	Dumbbell	Shred to Stage	https://www.youtube.com/shorts/I_bKCYL2nL8	I_bKCYL2nL8	https://www.youtube.com/embed/I_bKCYL2nL8?rel=0&modestbranding=1&playsinline=1	https://img.youtube.com/vi/I_bKCYL2nL8/hqdefault.jpg	DO THIS on the Concentration Curl	Andrew Kwong (DeltaBolic)	https://www.youtube.com/shorts/UzB0a3pwfl8	
Spider Curl	Arms	Dumbbell/Bench	Shred to Stage	https://www.youtube.com/shorts/5kwQb4xmILg	5kwQb4xmILg	https://www.youtube.com/embed/5kwQb4xmILg?rel=0&modestbranding=1&playsinline=1	https://img.youtube.com/vi/5kwQb4xmILg/hqdefault.jpg	How to perform a dumbbell spider curl	Human Kinetics	https://www.youtube.com/shorts/V6CTbViBbUg	
Cable Tricep Pushdown (Rope)	Arms	Cable	8-Wk Elite Strength; Shred to Stage	https://www.youtube.com/shorts/-uRr5KXqeio	-uRr5KXqeio	https://www.youtube.com/embed/-uRr5KXqeio?rel=0&modestbranding=1&playsinline=1	https://img.youtube.com/vi/-uRr5KXqeio/hqdefault.jpg	How to do rope tricep pushdown #tricepsworkout #shorts	Brofixesform	https://www.youtube.com/watch?v=ZlUXjJeT1ek	
Overhead Dumbbell Tricep Extension	Arms	Dumbbell	Full Body Foundations; Shred to Stage	https://www.youtube.com/shorts/4q70glVrJtU	4q70glVrJtU	https://www.youtube.com/embed/4q70glVrJtU?rel=0&modestbranding=1&playsinline=1	https://img.youtube.com/vi/4q70glVrJtU/hqdefault.jpg	Seated Dumbbell Overhead Tricep Extensions | Optimal Form Tutorial	Folz Fitness and Wellness	https://www.youtube.com/shorts/J565P8FzJXA	
Overhead Cable Extension (Rope)	Arms	Cable	Shred to Stage	https://www.youtube.com/shorts/NvvR5Voa4-8	NvvR5Voa4-8	https://www.youtube.com/embed/NvvR5Voa4-8?rel=0&modestbranding=1&playsinline=1	https://img.youtube.com/vi/NvvR5Voa4-8/hqdefault.jpg	How to do high cable overhead tricep extension #tricepsworkout #shorts	Brofixesform	https://www.youtube.com/watch?v=kqidUIf1eJE	
Single-Arm Cable Kickback	Arms	Cable	Shred to Stage	https://www.youtube.com/watch?v=s1cKWEW5rhE	s1cKWEW5rhE	https://www.youtube.com/embed/s1cKWEW5rhE?rel=0&modestbranding=1&playsinline=1	https://img.youtube.com/vi/s1cKWEW5rhE/hqdefault.jpg	Single arm cable, tricep kickback for bigger horseshoes ! #coachgary #highperformancetrainer ￼	Gary Miller Fitness (Powerbuilding Coach)	https://www.youtube.com/watch?v=3yP6TPNbWv0	
Tricep Kickback	Arms	Dumbbell	15-Min Express	https://www.youtube.com/shorts/vNv1W2nFh6M	vNv1W2nFh6M	https://www.youtube.com/embed/vNv1W2nFh6M?rel=0&modestbranding=1&playsinline=1	https://img.youtube.com/vi/vNv1W2nFh6M/hqdefault.jpg	Dumbbell Tricep Kickbacks: Tutorial for Stronger Triceps (Arms)	Vital Fitness Solutions	https://www.youtube.com/shorts/z7bkO1p_Zo4	
Bench Dip	Arms	Bench	Bodyweight Basics; Radiant Forge	https://www.youtube.com/shorts/iH16WFso6fo	iH16WFso6fo	https://www.youtube.com/embed/iH16WFso6fo?rel=0&modestbranding=1&playsinline=1	https://img.youtube.com/vi/iH16WFso6fo/hqdefault.jpg	Bench dips tutorial | Calisthenics for beginners | #Calisthenics	Ashton Fitness	https://www.youtube.com/shorts/4ua3MzaU0QU	
Dip (Parallel Bar / Weighted)	Arms	Dip Station	8-Wk Intermediate Strength; Functional Strength & Mastery; Shred to Stage	https://www.youtube.com/shorts/p9I-gKlJPNI	p9I-gKlJPNI	https://www.youtube.com/embed/p9I-gKlJPNI?rel=0&modestbranding=1&playsinline=1	https://img.youtube.com/vi/p9I-gKlJPNI/hqdefault.jpg	How to unlock your first dip!	Lenny Calisthenics	https://www.youtube.com/shorts/uOYMnczC4Vs	
Power Clean	Olympic / Power	Barbell	Functional Strength & Mastery; United Frontier	https://www.youtube.com/watch?v=GVt4uQ0sDJE	GVt4uQ0sDJE	https://www.youtube.com/embed/GVt4uQ0sDJE?rel=0&modestbranding=1&playsinline=1	https://img.youtube.com/vi/GVt4uQ0sDJE/hqdefault.jpg	The Power Clean	CrossFit	https://www.youtube.com/shorts/ax-48SK95jg	
Power Snatch	Olympic / Power	Barbell	Functional Strength & Mastery	https://www.youtube.com/watch?v=tuOiNeTvLJs	tuOiNeTvLJs	https://www.youtube.com/embed/tuOiNeTvLJs?rel=0&modestbranding=1&playsinline=1	https://img.youtube.com/vi/tuOiNeTvLJs/hqdefault.jpg	The Power Snatch	CrossFit	https://www.youtube.com/shorts/pcQzHMfO7A4	
Clean & Jerk	Olympic / Power	Barbell	United Frontier	https://www.youtube.com/watch?v=IcCGLoNqN2U	IcCGLoNqN2U	https://www.youtube.com/embed/IcCGLoNqN2U?rel=0&modestbranding=1&playsinline=1	https://img.youtube.com/vi/IcCGLoNqN2U/hqdefault.jpg	Beginners Guide to Clean & Jerk with Meg Squats | JTSstrength.com	Juggernaut Training Systems	https://www.youtube.com/watch?v=9HyWjAk7fhY	
Barbell Thruster	Olympic / Power	Barbell	United Frontier	https://www.youtube.com/watch?v=XfIc4DUeapo	XfIc4DUeapo	https://www.youtube.com/embed/XfIc4DUeapo?rel=0&modestbranding=1&playsinline=1	https://img.youtube.com/vi/XfIc4DUeapo/hqdefault.jpg	Crossfit Thruster Demo	wilma9er	https://www.youtube.com/shorts/5FPGMcb3ubs	
Dumbbell Thruster	Full Body	Dumbbell	Full Body Foundations; Shred & Burn HIIT; Elite Metabolic; 15-Min Express; Radiant Forge	https://www.youtube.com/watch?v=-rHJkjHUbmo	-rHJkjHUbmo	https://www.youtube.com/embed/-rHJkjHUbmo?rel=0&modestbranding=1&playsinline=1	https://img.youtube.com/vi/-rHJkjHUbmo/hqdefault.jpg	Dumbbell Thruster Demo - CrossFit	CrossFit Life Tulsa	https://www.youtube.com/shorts/5FPGMcb3ubs	
Alternating Dumbbell Snatch	Olympic / Power	Dumbbell	Elite Metabolic; 15-Min Express; Radiant Forge	https://www.youtube.com/shorts/yt5l1CTcJ6w	yt5l1CTcJ6w	https://www.youtube.com/embed/yt5l1CTcJ6w?rel=0&modestbranding=1&playsinline=1	https://img.youtube.com/vi/yt5l1CTcJ6w/hqdefault.jpg	How to do Alternating Dumbbell Snatch to increase total body strength and conditioning	Chris McCarthy	https://www.youtube.com/shorts/UsIhg95NBCI	
Kettlebell Swing	Full Body	Kettlebell	Shred & Burn HIIT; Elite Metabolic; United Frontier; 15-Min Express; Radiant Forge; Shred to Stage	https://www.youtube.com/shorts/JLGniLMNsr4	JLGniLMNsr4	https://www.youtube.com/embed/JLGniLMNsr4?rel=0&modestbranding=1&playsinline=1	https://img.youtube.com/vi/JLGniLMNsr4/hqdefault.jpg	Have you been doing the kettlebell swing correctly? View Nicole's form check to see common mistakes!	FitnessBlender	https://www.youtube.com/watch?v=jRhW6kOYNF8	
Turkish Get-Up	Full Body	Kettlebell	Functional Strength & Mastery	https://www.youtube.com/shorts/5jP1xyyBUtY	5jP1xyyBUtY	https://www.youtube.com/embed/5jP1xyyBUtY?rel=0&modestbranding=1&playsinline=1	https://img.youtube.com/vi/5jP1xyyBUtY/hqdefault.jpg	How to do Turkish get up safe way with kettlebell	Pavel Krotov	https://www.youtube.com/shorts/exF9fazPIGk	
Wall Ball Shot	Full Body	Medicine Ball	United Frontier	https://www.youtube.com/watch?v=EqjGKsiIMCE	EqjGKsiIMCE	https://www.youtube.com/embed/EqjGKsiIMCE?rel=0&modestbranding=1&playsinline=1	https://img.youtube.com/vi/EqjGKsiIMCE/hqdefault.jpg	The Wall-Ball Shot	CrossFit	https://www.youtube.com/shorts/_shJObyT2VY	
Farmer's Carry	Carry	Dumbbell/Kettlebell	Functional Strength & Mastery; Radiant Forge	https://www.youtube.com/shorts/zsPZnbMC4UE	zsPZnbMC4UE	https://www.youtube.com/embed/zsPZnbMC4UE?rel=0&modestbranding=1&playsinline=1	https://img.youtube.com/vi/zsPZnbMC4UE/hqdefault.jpg	Double 100lb Dumbbell Farmers carry | #youtubeshort #farmerscarry	Shaun Resolute	https://www.youtube.com/shorts/hpmLi1Vl13U	
Dumbbell Suitcase Carry	Carry	Dumbbell	Radiant Forge	https://www.youtube.com/shorts/z4n2xA7_el8	z4n2xA7_el8	https://www.youtube.com/embed/z4n2xA7_el8?rel=0&modestbranding=1&playsinline=1	https://img.youtube.com/vi/z4n2xA7_el8/hqdefault.jpg	Single Arm Kettlebell Farmers Carry #howtoexercise #exercisedemo	FIT Sisters - Lucy & Rosie	https://www.youtube.com/shorts/X813z7vAZo0	
Sled Push / Drag	Conditioning	Sled	Functional Strength & Mastery	https://www.youtube.com/shorts/a429UQI2e54	a429UQI2e54	https://www.youtube.com/embed/a429UQI2e54?rel=0&modestbranding=1&playsinline=1	https://img.youtube.com/vi/a429UQI2e54/hqdefault.jpg	Sled push technique! #crossfit #fitness #workouttutorial #sledpush	More Than Muscle | Training and Nutrition	https://www.youtube.com/shorts/rd8jxshJHgg	
Bear Crawl	Full Body	Bodyweight	Elite Metabolic; Core & Flow; Radiant Forge	https://www.youtube.com/shorts/j_YR2n8x1D8	j_YR2n8x1D8	https://www.youtube.com/embed/j_YR2n8x1D8?rel=0&modestbranding=1&playsinline=1	https://img.youtube.com/vi/j_YR2n8x1D8/hqdefault.jpg	Simple Bear Crawl Tutorial For Workouts At Home For Beginners #howtoworkout	Clem Fitness	https://www.youtube.com/watch?v=h9fHWAX0BrQ	
Burpee	Conditioning	Bodyweight	Shred & Burn HIIT; Elite Metabolic; Bodyweight Basics; United Frontier; 15-Min Express	https://www.youtube.com/shorts/zYBkodZ1SRU	zYBkodZ1SRU	https://www.youtube.com/embed/zYBkodZ1SRU?rel=0&modestbranding=1&playsinline=1	https://img.youtube.com/vi/zYBkodZ1SRU/hqdefault.jpg	How to do a burpee!	Alex Crockford	https://www.youtube.com/shorts/nzyjlUow23A	
Burpee Over Bar	Conditioning	Barbell	United Frontier	https://www.youtube.com/shorts/ra_obddNlEA	ra_obddNlEA	https://www.youtube.com/embed/ra_obddNlEA?rel=0&modestbranding=1&playsinline=1	https://img.youtube.com/vi/ra_obddNlEA/hqdefault.jpg	Burpee box get over technique! #workouttutorial #crossfit #fitness #burpees	More Than Muscle | Training and Nutrition	https://www.youtube.com/watch?v=H6N_xZpDXJM	
Step-Back Burpee (No Jump)	Conditioning	Bodyweight	Shred & Burn HIIT; 15-Min Express	https://www.youtube.com/shorts/TPHU1r5FeKc	TPHU1r5FeKc	https://www.youtube.com/embed/TPHU1r5FeKc?rel=0&modestbranding=1&playsinline=1	https://img.youtube.com/vi/TPHU1r5FeKc/hqdefault.jpg	Step-back Burpees - Low Impact/Modified Burpees	coachshellie	https://www.youtube.com/shorts/ydYqyEDrKmY	
Box Jump	Conditioning	Box	Elite Metabolic; United Frontier	https://www.youtube.com/watch?v=52r_Ul5k03g	52r_Ul5k03g	https://www.youtube.com/embed/52r_Ul5k03g?rel=0&modestbranding=1&playsinline=1	https://img.youtube.com/vi/52r_Ul5k03g/hqdefault.jpg	The Box Jump	CrossFit	https://www.youtube.com/shorts/B02_3n6He4M	
Tuck Jump	Conditioning	Bodyweight	Elite Metabolic	https://www.youtube.com/watch?v=r7oBejx1PHM	r7oBejx1PHM	https://www.youtube.com/embed/r7oBejx1PHM?rel=0&modestbranding=1&playsinline=1	https://img.youtube.com/vi/r7oBejx1PHM/hqdefault.jpg	WORKOUT TECHNIQUE | Tuck Jump	Les Mills	https://www.youtube.com/watch?v=Yl7tEmpzknY	
Skater Jump	Conditioning	Bodyweight	Shred & Burn HIIT	https://www.youtube.com/shorts/RW2bnRztEYw	RW2bnRztEYw	https://www.youtube.com/embed/RW2bnRztEYw?rel=0&modestbranding=1&playsinline=1	https://img.youtube.com/vi/RW2bnRztEYw/hqdefault.jpg	How To Do Skater Jumps #skaterjumps #cardioworkout #workoutathome #bodyweightexercise	Chris Ryan Fitness	https://www.youtube.com/shorts/VFj9RVnWeho	
Mountain Climber	Conditioning	Bodyweight	Full Body Foundations; Shred & Burn HIIT; Bodyweight Basics; 15-Min Express	https://www.youtube.com/shorts/wrn1Cm_yfEU	wrn1Cm_yfEU	https://www.youtube.com/embed/wrn1Cm_yfEU?rel=0&modestbranding=1&playsinline=1	https://img.youtube.com/vi/wrn1Cm_yfEU/hqdefault.jpg	How To Do Mountain Climbers #shorts	Heather Robertson	https://www.youtube.com/shorts/hZb6jTbCLeE	
Plank Jack	Conditioning	Bodyweight	Shred & Burn HIIT	https://www.youtube.com/shorts/xfooYHYftpE	xfooYHYftpE	https://www.youtube.com/embed/xfooYHYftpE?rel=0&modestbranding=1&playsinline=1	https://img.youtube.com/vi/xfooYHYftpE/hqdefault.jpg	Plank Jacks for Core Strength & Cardio 🔥 Full-Body Workout!	Performance Fit Pilates	https://www.youtube.com/shorts/xfooYHYftpE	
High Knees	Conditioning	Bodyweight	15-Min Express	https://www.youtube.com/shorts/WrKc4YsgAEA	WrKc4YsgAEA	https://www.youtube.com/embed/WrKc4YsgAEA?rel=0&modestbranding=1&playsinline=1	https://img.youtube.com/vi/WrKc4YsgAEA/hqdefault.jpg	High Knees - Fitness Fridays #shorts	Duke Health	https://www.youtube.com/shorts/MpvHRGR-QMg	
Jump Rope – Single Unders	Conditioning	Jump Rope	United Frontier	https://www.youtube.com/shorts/q_rj6eMXs9U	q_rj6eMXs9U	https://www.youtube.com/embed/q_rj6eMXs9U?rel=0&modestbranding=1&playsinline=1	https://img.youtube.com/vi/q_rj6eMXs9U/hqdefault.jpg	3 Jump Rope Tips for Single Unders	Rx Smart Gear Australia	https://www.youtube.com/watch?v=TWytAuXv8NA	
Jump Rope – Double Unders	Conditioning	Jump Rope	United Frontier	https://www.youtube.com/shorts/zrVHGNJAdps	zrVHGNJAdps	https://www.youtube.com/embed/zrVHGNJAdps?rel=0&modestbranding=1&playsinline=1	https://img.youtube.com/vi/zrVHGNJAdps/hqdefault.jpg	From 5 to 500 Double Unders | Jump Rope Tutorial | Elite Jumps	Elite Jumps	https://www.youtube.com/shorts/gL_gnGnP6RQ	
400m Run	Cardio	None	Elite Metabolic; United Frontier								Cardio activity — no demo needed
Rowing Machine (2000m / Intervals)	Cardio	Rower	Elite Metabolic; United Frontier; 8-Wk Intermediate Strength	https://www.youtube.com/watch?v=4zWu1yuJ0_g	4zWu1yuJ0_g	https://www.youtube.com/embed/4zWu1yuJ0_g?rel=0&modestbranding=1&playsinline=1	https://img.youtube.com/vi/4zWu1yuJ0_g/hqdefault.jpg	Correct Rowing Machine Technique, Improve Your Rowing  | Concept2	concept2usa	https://www.youtube.com/shorts/3BMvT-OySBM	
Air Bike / Echo Bike	Cardio	Air Bike	Elite Metabolic; United Frontier	https://www.youtube.com/watch?v=OP4vcKsL8-Y	OP4vcKsL8-Y	https://www.youtube.com/embed/OP4vcKsL8-Y?rel=0&modestbranding=1&playsinline=1	https://img.youtube.com/vi/OP4vcKsL8-Y/hqdefault.jpg	Low Impact Airbike #shorts	Assault Fitness	https://www.youtube.com/shorts/SOZbIyOlRHo	
Incline Treadmill Walk	Cardio	Treadmill	Full Body Foundations; Elite Metabolic; Shred to Stage	https://www.youtube.com/shorts/RO1IRfIKlWM	RO1IRfIKlWM	https://www.youtube.com/embed/RO1IRfIKlWM?rel=0&modestbranding=1&playsinline=1	https://img.youtube.com/vi/RO1IRfIKlWM/hqdefault.jpg	Incline Treadmill Walk Form Check | ShonenFit #Shorts	ShonenFit	https://www.youtube.com/shorts/P88tTMOsVJY	
Stairclimber	Cardio	Stairclimber	Shred to Stage	https://www.youtube.com/shorts/TvmwhDigLy8	TvmwhDigLy8	https://www.youtube.com/embed/TvmwhDigLy8?rel=0&modestbranding=1&playsinline=1	https://img.youtube.com/vi/TvmwhDigLy8/hqdefault.jpg	MATRIX CLIMBMILL TUTORIAL 🪜 // Use this stairclimber machine to build endurance at Planet Fitness!	KevTheTrainer	https://www.youtube.com/shorts/DVu3uwzMehI	
Brisk Walk (LISS)	Cardio	None	All programs – recovery days								Cardio activity — no demo needed
Battle Ropes	Conditioning	Battle Ropes	Radiant Forge	https://www.youtube.com/shorts/GgOdJMWf5aQ	GgOdJMWf5aQ	https://www.youtube.com/embed/GgOdJMWf5aQ?rel=0&modestbranding=1&playsinline=1	https://img.youtube.com/vi/GgOdJMWf5aQ/hqdefault.jpg	How to Use Battle Ropes Fitness Tutorial with Mary from The Foundry	The Foundry Fitness	https://www.youtube.com/watch?v=zw0OMi00X5g	
Forearm Plank	Core	Bodyweight	28-Day Ignite; Shred & Burn HIIT; Bodyweight Basics; Radiant Forge	https://www.youtube.com/shorts/_Icgdn65dNk	_Icgdn65dNk	https://www.youtube.com/embed/_Icgdn65dNk?rel=0&modestbranding=1&playsinline=1	https://img.youtube.com/vi/_Icgdn65dNk/hqdefault.jpg	Do a 30 second forearm plank with me #homeworkout #strengthandgrowth	KaisaFit	https://www.youtube.com/watch?v=htqqk_uojIs	
Kneeling Plank	Core	Bodyweight	28-Day Ignite	https://www.youtube.com/watch?v=rFg2ugFG9e0	rFg2ugFG9e0	https://www.youtube.com/embed/rFg2ugFG9e0?rel=0&modestbranding=1&playsinline=1	https://img.youtube.com/vi/rFg2ugFG9e0/hqdefault.jpg	Modified Plank With Progression – Your Exercise Solution (YES)	Arthritis Foundation	https://www.youtube.com/shorts/GO69OOA6E6c	
Plank Shoulder Tap	Core	Bodyweight	Full Body Foundations; Bodyweight Basics	https://www.youtube.com/shorts/P2HH86flm7s	P2HH86flm7s	https://www.youtube.com/embed/P2HH86flm7s?rel=0&modestbranding=1&playsinline=1	https://img.youtube.com/vi/P2HH86flm7s/hqdefault.jpg	Plank w/ Shoulder Taps [How To]	Le Sweat	https://www.youtube.com/shorts/eyeuugrpLYA	
Plank with Hip Dips	Core	Bodyweight	8-Wk Intermediate Strength	https://www.youtube.com/shorts/rck_d5uLoqE	rck_d5uLoqE	https://www.youtube.com/embed/rck_d5uLoqE?rel=0&modestbranding=1&playsinline=1	https://img.youtube.com/vi/rck_d5uLoqE/hqdefault.jpg	Plank Hip Taps #howtoexercise #exercisedemo #coreexercises	FIT Sisters - Lucy & Rosie	https://www.youtube.com/shorts/p9I-gKlJPNI	
Weighted Plank (Plate)	Core	Weight Plate	Functional Strength & Mastery	https://www.youtube.com/shorts/MYpeTP4tB1Q	MYpeTP4tB1Q	https://www.youtube.com/embed/MYpeTP4tB1Q?rel=0&modestbranding=1&playsinline=1	https://img.youtube.com/vi/MYpeTP4tB1Q/hqdefault.jpg	Try This Weighted Plank For A Stronger Core!	PrimeTimeEndurance	https://www.youtube.com/shorts/GO69OOA6E6c	
Side Plank	Core	Bodyweight	Bodyweight Basics; Radiant Forge	https://www.youtube.com/shorts/bSV-iFwPTWI	bSV-iFwPTWI	https://www.youtube.com/embed/bSV-iFwPTWI?rel=0&modestbranding=1&playsinline=1	https://img.youtube.com/vi/bSV-iFwPTWI/hqdefault.jpg	What you should be feeling during side planks	Flight Performance & Fitness	https://www.youtube.com/shorts/WDUSPBdhqaM	
Modified Side Plank (Knees)	Core	Bodyweight	Core & Flow	https://www.youtube.com/shorts/lqQ8ugNjoWI	lqQ8ugNjoWI	https://www.youtube.com/embed/lqQ8ugNjoWI?rel=0&modestbranding=1&playsinline=1	https://img.youtube.com/vi/lqQ8ugNjoWI/hqdefault.jpg	How to do a side plank and modified side plank.   #plank #sideplank #shorts #short	Amy's Beach Fitness	https://www.youtube.com/watch?v=CofbfhHCWCY	
Dead Bug	Core	Bodyweight	Full Body Foundations; Core & Flow; Radiant Forge	https://www.youtube.com/shorts/BwH0pfatFS0	BwH0pfatFS0	https://www.youtube.com/embed/BwH0pfatFS0?rel=0&modestbranding=1&playsinline=1	https://img.youtube.com/vi/BwH0pfatFS0/hqdefault.jpg	DeadBug Exercise: Tutorial for a Stronger Core & Lower Back	Vital Fitness Solutions	https://www.youtube.com/shorts/K8GxSasst1w	
Weighted Dead Bug	Core	Dumbbell	8-Wk Intermediate Strength	https://www.youtube.com/watch?v=oSExv5Iiu80	oSExv5Iiu80	https://www.youtube.com/embed/oSExv5Iiu80?rel=0&modestbranding=1&playsinline=1	https://img.youtube.com/vi/oSExv5Iiu80/hqdefault.jpg	Dead Bug with Dumbbell	Shift Human Performance - Coach Jen Kates	https://www.youtube.com/shorts/hgovXtrQqZw	
Bird Dog	Core	Bodyweight	Full Body Foundations; 28-Day Ignite; Bodyweight Basics; Radiant Forge	https://www.youtube.com/shorts/wh2spJeDDQs	wh2spJeDDQs	https://www.youtube.com/embed/wh2spJeDDQs?rel=0&modestbranding=1&playsinline=1	https://img.youtube.com/vi/wh2spJeDDQs/hqdefault.jpg	BIRD DOG exercise improves core stability and lower back strength (exercise demo)	Human 2.0 Fitness	https://www.youtube.com/shorts/y76HwFg3Ebw	
Bird Dog ISO Hold	Core	Bodyweight	Core & Flow	https://www.youtube.com/shorts/y76HwFg3Ebw	y76HwFg3Ebw	https://www.youtube.com/embed/y76HwFg3Ebw?rel=0&modestbranding=1&playsinline=1	https://img.youtube.com/vi/y76HwFg3Ebw/hqdefault.jpg	Bird Dog Exercise to Build Core Control	Align Fitness By Allie	https://www.youtube.com/watch?v=2PgzZ2R3ijI	
Pallof Press	Core	Cable/Band	Radiant Forge	https://www.youtube.com/shorts/-aMIEisAxv8	-aMIEisAxv8	https://www.youtube.com/embed/-aMIEisAxv8?rel=0&modestbranding=1&playsinline=1	https://img.youtube.com/vi/-aMIEisAxv8/hqdefault.jpg	How to Do a Pallof Press | Trainer Tuesday at Campus Rec 💪	Portland State Campus Rec	https://www.youtube.com/shorts/jKC__KJISs4	
Hollow Body Hold	Core	Bodyweight	Bodyweight Basics	https://www.youtube.com/shorts/gnCvSL0NjCg	gnCvSL0NjCg	https://www.youtube.com/embed/gnCvSL0NjCg?rel=0&modestbranding=1&playsinline=1	https://img.youtube.com/vi/gnCvSL0NjCg/hqdefault.jpg	hollow hold + alt knee tucks 💗💗 more workouts on my channel! #workout #abs #core #toned #pilates	Rachel Andrews	https://www.youtube.com/shorts/AnUxpaHcsms	
Russian Twist	Core	Bodyweight/Weight	Full Body Foundations; 8-Wk Intermediate Strength; 15-Min Express	https://www.youtube.com/watch?v=hL10_LcXyCM	hL10_LcXyCM	https://www.youtube.com/embed/hL10_LcXyCM?rel=0&modestbranding=1&playsinline=1	https://img.youtube.com/vi/hL10_LcXyCM/hqdefault.jpg	Mastering the Russian Twist Exercise: Form and Benefits Explained #shorts	Critical Bench Compound	https://www.youtube.com/shorts/bB4ztrm38_Q	
Hanging Knee Raise	Core	Pull-Up Bar	8-Wk Intermediate Strength	https://www.youtube.com/shorts/bVofLn-Vczs	bVofLn-Vczs	https://www.youtube.com/embed/bVofLn-Vczs?rel=0&modestbranding=1&playsinline=1	https://img.youtube.com/vi/bVofLn-Vczs/hqdefault.jpg	Hanging Knee Raises if you can’t manage Toes to Bar.	Fun With Calisthenics	https://www.youtube.com/shorts/oNLnjjAmNDw	
Hanging Leg Raise	Core	Pull-Up Bar	Functional Strength & Mastery	https://www.youtube.com/watch?v=H1-tIXY1KJw	H1-tIXY1KJw	https://www.youtube.com/embed/H1-tIXY1KJw?rel=0&modestbranding=1&playsinline=1	https://img.youtube.com/vi/H1-tIXY1KJw/hqdefault.jpg	Hanging Leg Raise  (Abs workout on Pull Up)  #shorts	Fit Near You	https://www.youtube.com/shorts/FMYJ1lgtSoY	
Toes-to-Bar	Gymnastics	Pull-Up Bar	United Frontier	https://www.youtube.com/watch?v=_03pCKOv4l4	_03pCKOv4l4	https://www.youtube.com/embed/_03pCKOv4l4?rel=0&modestbranding=1&playsinline=1	https://img.youtube.com/vi/_03pCKOv4l4/hqdefault.jpg	The Kipping Toes-to-bar	CrossFit	https://www.youtube.com/watch?v=xX9Hzi7Onnw	
Bicycle Crunch	Core	Bodyweight	Shred & Burn HIIT; Bodyweight Basics; 15-Min Express	https://www.youtube.com/watch?v=iiwZP1wxVDE	iiwZP1wxVDE	https://www.youtube.com/embed/iiwZP1wxVDE?rel=0&modestbranding=1&playsinline=1	https://img.youtube.com/vi/iiwZP1wxVDE/hqdefault.jpg	How to Do Bicycle Crunches | Sculpt Your Abs & Strengthen Your Core	Iron Paradise	https://www.youtube.com/shorts/6djp7YXBE2w	
V-Up	Core	Bodyweight	Elite Metabolic	https://www.youtube.com/watch?v=0EkAblfsXAk	0EkAblfsXAk	https://www.youtube.com/embed/0EkAblfsXAk?rel=0&modestbranding=1&playsinline=1	https://img.youtube.com/vi/0EkAblfsXAk/hqdefault.jpg	V Ups #howtoexercise #coreexercises #exercisedemo	FIT Sisters - Lucy & Rosie	https://www.youtube.com/shorts/exF9fazPIGk	
Sit-Up	Core	Bodyweight	United Frontier	https://www.youtube.com/watch?v=6rP8h2YLYro	6rP8h2YLYro	https://www.youtube.com/embed/6rP8h2YLYro?rel=0&modestbranding=1&playsinline=1	https://img.youtube.com/vi/6rP8h2YLYro/hqdefault.jpg	Sit Up Technique Guide	intosport	https://www.youtube.com/shorts/AjvX0uFthrs	
Superman Hold	Core	Bodyweight	Full Body Foundations; Bodyweight Basics; 15-Min Express	https://www.youtube.com/watch?v=hmc934fftKM	hmc934fftKM	https://www.youtube.com/embed/hmc934fftKM?rel=0&modestbranding=1&playsinline=1	https://img.youtube.com/vi/hmc934fftKM/hqdefault.jpg	How To Do Superman Hold	Calixpert	https://www.youtube.com/shorts/uexOGyxLr7E	
Pelvic Tilt	Core	Bodyweight	Radiant Forge	https://www.youtube.com/shorts/i18lNLCfr3o	i18lNLCfr3o	https://www.youtube.com/embed/i18lNLCfr3o?rel=0&modestbranding=1&playsinline=1	https://img.youtube.com/vi/i18lNLCfr3o/hqdefault.jpg	The MOST IMPORTANT Core Exercise for Every Woman // Pelvic Tilts	VIGEO	https://www.youtube.com/shorts/91H5HtIgilg	
360 Diaphragmatic Breathing	Recover / Breathwork	None	Core & Flow; Elite Metabolic; Radiant Forge	https://www.youtube.com/watch?v=B4CRczlJGkQ	B4CRczlJGkQ	https://www.youtube.com/embed/B4CRczlJGkQ?rel=0&modestbranding=1&playsinline=1	https://img.youtube.com/vi/B4CRczlJGkQ/hqdefault.jpg	How to Breathe | 360° Diaphragmatic Breathing for Anxiety, Digestion & Chronic Stress	Breathe Well Coaching	https://www.youtube.com/watch?v=7EB8UCsmlXw	
4-7-8 Restorative Breathing	Recover / Breathwork	None	Core & Flow	https://www.youtube.com/shorts/y9jbHCRq9Ho?feature=shared	y9jbHCRq9Ho	https://www.youtube.com/embed/y9jbHCRq9Ho?rel=0&modestbranding=1&playsinline=1	https://img.youtube.com/vi/y9jbHCRq9Ho/hqdefault.jpg	Breathing for Stress: 4-7-8 #breathingforanxiety  #breathingtechnique #relaxing #breathingexercise	Pocket Breath Coach - Luke Horton	https://www.youtube.com/shorts/BUglniPKcps	
Cat-Cow	Mobility	Mat	Full Body Foundations; 8-Wk Intermediate Strength; Shred & Burn HIIT; Bodyweight Basics; Core & Flow; Radiant Forge	https://www.youtube.com/shorts/01dDWa8Jyzs	01dDWa8Jyzs	https://www.youtube.com/embed/01dDWa8Jyzs?rel=0&modestbranding=1&playsinline=1	https://img.youtube.com/vi/01dDWa8Jyzs/hqdefault.jpg	Master Cat Cow Pose  Perfect Spine Flexion & Extension	Damir Simunac	https://www.youtube.com/shorts/juwOy3qZDlA	
Cat-Cow with Barrel Rolls	Mobility	Mat	Core & Flow	https://www.youtube.com/shorts/o5rnt76hWys	o5rnt76hWys	https://www.youtube.com/embed/o5rnt76hWys?rel=0&modestbranding=1&playsinline=1	https://img.youtube.com/vi/o5rnt76hWys/hqdefault.jpg	Cat-Cow Exercise	Studio SWEAT onDemand	https://www.youtube.com/shorts/IuKZ2LCVu98	
World's Greatest Stretch	Mobility	None	8-Wk Intermediate Strength; Shred & Burn HIIT; Bodyweight Basics; Core & Flow	https://www.youtube.com/shorts/_vrihisNmEI	_vrihisNmEI	https://www.youtube.com/embed/_vrihisNmEI?rel=0&modestbranding=1&playsinline=1	https://img.youtube.com/vi/_vrihisNmEI/hqdefault.jpg	Worlds Greatest Stretch | Elevate Performance Training Movement Library	Elevate Performance	https://www.youtube.com/shorts/iTZNa8DB7oY	
90/90 Hip Switches	Mobility	Mat	8-Wk Intermediate Strength; Shred & Burn HIIT; Core & Flow	https://www.youtube.com/watch?v=DCC_HFo5318	DCC_HFo5318	https://www.youtube.com/embed/DCC_HFo5318?rel=0&modestbranding=1&playsinline=1	https://img.youtube.com/vi/DCC_HFo5318/hqdefault.jpg	90 90 hip switches	Primal Warfare	https://www.youtube.com/shorts/iPqysXFsvTQ?cbrd=1&ucbcb=1	
Scapular Wall Slide	Mobility	Wall	8-Wk Intermediate Strength	https://www.youtube.com/shorts/YjiE_pdlUwI	YjiE_pdlUwI	https://www.youtube.com/embed/YjiE_pdlUwI?rel=0&modestbranding=1&playsinline=1	https://img.youtube.com/vi/YjiE_pdlUwI/hqdefault.jpg	How to Build Scapular Strength - Scapular Wall Slide Exercises	Dr. Caleb Burgess, DPT	https://www.youtube.com/shorts/OtgQDv7u1TM	
Pigeon Pose	Mobility	Mat	8-Wk Intermediate Strength; Core & Flow	https://www.youtube.com/shorts/DZD6bWKZybM	DZD6bWKZybM	https://www.youtube.com/embed/DZD6bWKZybM?rel=0&modestbranding=1&playsinline=1	https://img.youtube.com/vi/DZD6bWKZybM/hqdefault.jpg	How to do Pigeon Pose | Kapotasana Tips & Common Mistakes #pigeonpose #dailyyoga #yogaalignment	Bharti Yoga	https://www.youtube.com/shorts/kyeQ0X5MIH4	
Thoracic Bridge	Mobility	Mat	8-Wk Intermediate Strength	https://www.youtube.com/shorts/RVkC0B2FVN0	RVkC0B2FVN0	https://www.youtube.com/embed/RVkC0B2FVN0?rel=0&modestbranding=1&playsinline=1	https://img.youtube.com/vi/RVkC0B2FVN0/hqdefault.jpg	Thoracic Bridge Micro Workout for Desk Pros	Michael Cassidy	https://www.youtube.com/watch?v=w3nVkI2O07o	
Thread the Needle	Mobility	Mat	Shred & Burn HIIT; Core & Flow	https://www.youtube.com/shorts/O-ioUdabTEc	O-ioUdabTEc	https://www.youtube.com/embed/O-ioUdabTEc?rel=0&modestbranding=1&playsinline=1	https://img.youtube.com/vi/O-ioUdabTEc/hqdefault.jpg	Unlocking Thoracic Mobility: Thread the Needle Exercise Tutorial	Rebounding For Health And Fitness	https://www.youtube.com/shorts/XQKU94O1NFM	
Child's Pose	Mobility	Mat	Full Body Foundations; Core & Flow; Radiant Forge	https://www.youtube.com/watch?v=Y8oxXUwAxks	Y8oxXUwAxks	https://www.youtube.com/embed/Y8oxXUwAxks?rel=0&modestbranding=1&playsinline=1	https://img.youtube.com/vi/Y8oxXUwAxks/hqdefault.jpg	Are you doing Child’s Pose correctly? #shorts	SarahBethYoga	https://www.youtube.com/shorts/P5RncuAdEDs	
Child's Pose to Cobra Flow	Mobility	Mat	Shred & Burn HIIT; Core & Flow	https://www.youtube.com/watch?v=VQp2BZuwcaA	VQp2BZuwcaA	https://www.youtube.com/embed/VQp2BZuwcaA?rel=0&modestbranding=1&playsinline=1	https://img.youtube.com/vi/VQp2BZuwcaA/hqdefault.jpg	Cobra to Child’s Pose Flow | Deep Spine Mobility Stretch	Lauren McMillin | Yoga & Movement	https://www.youtube.com/watch?v=VQp2BZuwcaA	
Puppy Pose (Melting Heart)	Mobility	Mat	Core & Flow	https://www.youtube.com/watch?v=nczivUiJDho	nczivUiJDho	https://www.youtube.com/embed/nczivUiJDho?rel=0&modestbranding=1&playsinline=1	https://img.youtube.com/vi/nczivUiJDho/hqdefault.jpg	How To: Puppy Pose for Shoulders & Chest, Anahatasana	Move with Marcia	https://www.youtube.com/shorts/DZD6bWKZybM	
Legs Up The Wall	Recover	Wall	Core & Flow	https://www.youtube.com/shorts/w6IMshl_h80	w6IMshl_h80	https://www.youtube.com/embed/w6IMshl_h80?rel=0&modestbranding=1&playsinline=1	https://img.youtube.com/vi/w6IMshl_h80/hqdefault.jpg	Legs Up The Wall	Yoga With Landon	https://www.youtube.com/shorts/BDgY_mWIc-Q	
Downward Dog	Mobility	Mat	Bodyweight Basics	https://www.youtube.com/shorts/x28Ovjo6kYs	x28Ovjo6kYs	https://www.youtube.com/embed/x28Ovjo6kYs?rel=0&modestbranding=1&playsinline=1	https://img.youtube.com/vi/x28Ovjo6kYs/hqdefault.jpg	Downward Dog for Beginners: How to Walk the Dog & Modify for Your Body | Daniela Garza Rios Yoga	UDAYA Yoga & Fitness	https://www.youtube.com/shorts/wmxXYceC-RA	
Adductor Rock-Back	Mobility	Mat	Core & Flow; Radiant Forge	https://www.youtube.com/shorts/Mbe806RxMhA	Mbe806RxMhA	https://www.youtube.com/embed/Mbe806RxMhA?rel=0&modestbranding=1&playsinline=1	https://img.youtube.com/vi/Mbe806RxMhA/hqdefault.jpg	How to Stretch Your Adductors with the Adductor Rock Back #shorts	Jessica Dudas	https://www.youtube.com/shorts/RkiTKmYwQ6A	
Couch Stretch (Hip Flexor)	Mobility	Couch/Bench	Full Body Foundations	https://www.youtube.com/shorts/m-zQ0UHRnh8	m-zQ0UHRnh8	https://www.youtube.com/embed/m-zQ0UHRnh8?rel=0&modestbranding=1&playsinline=1	https://img.youtube.com/vi/m-zQ0UHRnh8/hqdefault.jpg	Deep Hip Flexor Stretch - How to do the “Couch” Stretch for Hip Flexors	VIGEO	https://www.youtube.com/shorts/7dOu7Pqr-bc	
Doorway Chest Stretch	Mobility	Doorway	Full Body Foundations	https://www.youtube.com/shorts/T6ZozOBoyo8	T6ZozOBoyo8	https://www.youtube.com/embed/T6ZozOBoyo8?rel=0&modestbranding=1&playsinline=1	https://img.youtube.com/vi/T6ZozOBoyo8/hqdefault.jpg	Doorway Chest Stretch (30s) + Why It Helps Posture #PainFreePosture	Dr. Femi Betiku	https://www.youtube.com/shorts/CiIshHzAkQQ	
Seated Side Stretch	Mobility	Mat	Radiant Forge	https://www.youtube.com/shorts/9j-NDkrMPmI	9j-NDkrMPmI	https://www.youtube.com/embed/9j-NDkrMPmI?rel=0&modestbranding=1&playsinline=1	https://img.youtube.com/vi/9j-NDkrMPmI/hqdefault.jpg	Seated side stretch	Live UTI Free	https://www.youtube.com/shorts/OmEb3P8_BBY	
Deep Squat Breathing	Mobility	None	Radiant Forge	https://www.youtube.com/shorts/ivDmhxYq-iA	ivDmhxYq-iA	https://www.youtube.com/embed/ivDmhxYq-iA?rel=0&modestbranding=1&playsinline=1	https://img.youtube.com/vi/ivDmhxYq-iA/hqdefault.jpg	💨 How to Breathe Properly During Workouts | Yoga Breathing for Training #squats #deepbreathing	Yoga Therapy with Karina	https://www.youtube.com/shorts/AVJ8fp3cZzI	
Foam Rolling (Soft Tissue Work)	Recover	Foam Roller	Elite Metabolic	https://www.youtube.com/shorts/gCcWr0S1-_M	gCcWr0S1-_M	https://www.youtube.com/embed/gCcWr0S1-_M?rel=0&modestbranding=1&playsinline=1	https://img.youtube.com/vi/gCcWr0S1-_M/hqdefault.jpg	Experts in Motion: Foam rolling #shorts	ParkviewHealth	https://www.youtube.com/shorts/RkVw_Q6EnUg	

client ne ye bheja h jitne bhi programs h unme jitne bhi workouts h sbki video link and thumbnail links to ek baar check kro ki jitne usne program bheje and unke workout bheje itne hmare h bhi ya nhi and fr mujhe btao ki hum ye url and thumbnail kaise set kr skte h  ??? abhi code mt change krna na abhi krna abhi phle btao smjhao 
</user_query>